{"train_loss": 7.492174421104275, "train_acc": 0.011897517039922104, "val_loss": 7.483838238140952, "val_acc": 0.013557879377431907, "_timestamp": 1718407150.6888635, "_runtime": 85.40755462646484, "_step": 1, "_wandb": {"runtime": 81}}